,Date,ElbowLeft_XY,ElbowLeft_XZ,ElbowLeft_YZ,ElbowRight_XY,ElbowRight_XZ,ElbowRight_YZ,HL_position_X,HL_position_Y,HL_position_Z,HR_position_X,HR_position_Y,HR_position_Z,Neck_XY,Neck_XZ,Neck_YZ,ShoulderLeft_XY,ShoulderLeft_XZ,ShoulderLeft_YZ,ShoulderRight_XY,ShoulderRight_XZ,ShoulderRight_YZ,TrackingId
0,2016/11/15-15:10:21.9393,179.887130053,38.5884214226,117.995539993,152.703811199,139.672109736,177.793282685,-0.0802094,-0.6569637,0.098125,-0.0658837,-0.7179049,-0.2828296,145.7273226,77.0711058388,161.897220321,109.520460633,173.828943277,111.822408063,132.469805931,131.603722489,142.469103271,72057594037927968
1,2016/11/15-15:10:22.4427,179.893382814,38.573128594,117.945926713,151.24625629,135.477459433,177.638562807,-0.0681195,-0.6523983,0.086369,-0.0546089,-0.7050085,-0.2778181,144.519288701,77.9976709029,162.514459352,109.209925282,173.912886047,111.707359981,132.600136705,134.82182702,141.734855106,72057594037927968
2,2016/11/15-15:10:22.5986,179.89535951,38.5542060431,117.895878062,152.959572496,133.030424244,178.519961054,-0.0650785,-0.6502022,0.087047,-0.0407691,-0.6967265,-0.2692165,143.656094136,78.8069117099,163.130836658,109.004412591,174.02628112,111.641185117,132.36136897,137.861902923,141.123430027,72057594037927968
3,2016/11/15-15:10:22.9170,179.882345197,38.5179756292,117.844069606,149.608713003,129.335437748,176.989726662,-0.0642017,-0.6417206,0.092625,-0.0350713,-0.6917032,-0.2662114,143.021246403,79.7910348322,163.906167054,108.5675158,174.08652575,111.466355654,131.524675098,139.573802522,140.367809346,72057594037927968
4,2016/11/15-15:10:23.2337,179.351878885,41.2208655704,118.331155064,135.086102209,103.512225776,171.316870905,-0.0426818,-0.61348538,0.050462,-0.0155787,-0.668412,-0.251851,142.471632861,82.6667324357,165.416284598,108.626174117,171.518031293,110.464612118,135.217907218,160.238630367,137.54281738,72057594037927968
5,2016/11/15-15:10:23.2548,179.230875229,33.9625521557,116.995152572,134.482150593,93.810181127,175.116817147,-0.0551765,-0.6580992,0.075697,-0.0019834,-0.6593508,-0.240357,141.477955605,84.0199638642,164.932253186,107.063782119,179.296887754,113.60760871,137.734460191,166.929237287,137.626280527,72057594037927968
6,2016/11/15-15:10:23.3602,179.653442427,108.809426388,166.886416284,129.505987006,87.2744141256,174.225996617,-0.0666305,-0.7276208,0.267409,0.0055008,-0.6455692,-0.2326987,142.421986503,88.7986252847,166.318129249,113.40337827,156.722164953,104.771998256,136.506425042,170.92212038,136.469985275,72057594037927968
7,2016/11/15-15:10:23.4641,178.829077812,162.846634972,175.006124742,126.090722237,79.927631447,174.125443185,-0.0694998,-0.7366097,0.292628,0.0146415,-0.6360099,-0.2254832,141.422141509,89.7597870716,168.671220455,113.871014227,158.618014135,105.453057588,136.55526209,176.081339409,135.524486864,72057594037927968
8,2016/11/15-15:10:23.5856,178.749533315,123.872028177,161.709070009,124.236392368,76.1124806012,175.184273072,-0.0672599,-0.732611,0.291363,0.0037847,-0.6355257,-0.2169292,140.586178134,91.2968935569,170.456406035,111.463590094,177.799025553,115.815992303,136.440256286,177.427767237,135.545673231,72057594037927968
9,2016/11/15-15:10:23.6763,178.44991347,122.458808297,161.469571716,121.70186962,71.1308477917,176.22208531,-0.0663186,-0.7310578,0.292653,-0.0043374,-0.6426124,-0.2129204,139.475527291,89.8267753204,170.558839676,110.073117664,179.473402952,114.745125292,139.259195641,178.864566289,136.416038901,72057594037927968
10,2016/11/15-15:10:23.7715,179.143961727,121.24201959,162.031655106,120.119684571,69.6047335311,177.353112994,-0.0664017,-0.7310738,0.290315,-0.0027587,-0.6363264,-0.20182,139.129576941,90.4808988302,172.634264537,108.491710568,178.142339027,113.815651599,137.587797582,179.312452781,136.433589588,72057594037927968
11,2016/11/15-15:10:23.7907,178.764514309,110.421056793,160.357681927,118.15467623,65.6203932088,177.988621631,-0.0654405,-0.7252918,0.288898,-0.0050694,-0.6356997,-0.1939907,138.975837649,91.3849001074,173.650145088,106.865327657,179.779796597,112.863894309,139.028276191,177.146007893,135.68625796,72057594037927968
12,2016/11/15-15:10:23.8968,178.607280047,110.756299335,160.318373172,116.617912881,62.3002980884,178.65337318,-0.0665281,-0.7255783,0.286582,-0.0070172,-0.6369132,-0.1866834,138.863262511,91.6401810064,174.369667484,105.730881412,179.346796941,112.210976301,139.973157244,174.554740416,135.041216336,72057594037927968
13,2016/11/15-15:10:23.9924,178.198661378,110.222771425,160.124130603,115.524978133,59.3683111751,179.790068002,-0.0667261,-0.7263079,0.285643,-0.0067,-0.6342528,-0.1778787,138.053920172,89.6766071962,173.23803171,106.203759216,178.231452683,112.261217743,141.227585173,173.411004382,135.662104234,72057594037927968
14,2016/11/15-15:10:24.0978,178.073638936,111.57423353,160.248956397,114.180684807,56.0938752224,178.947133251,-0.0670841,-0.7261689,0.287398,-0.000165,-0.6242011,-0.1710535,138.085830015,90.2180208807,174.39888267,105.163563965,177.397526105,111.651848539,141.276106146,171.705718672,134.708267688,72057594037927968
15,2016/11/15-15:10:24.1950,177.832089541,110.941414067,160.133460138,113.466878145,54.1742665823,178.465786328,-0.0666956,-0.7269119,0.286893,0.0016116,-0.6217968,-0.1650483,137.986571722,89.9801150649,175.234371439,104.23054274,176.726731951,111.14160153,141.280338103,170.454694587,134.005751829,72057594037927968
16,2016/11/15-15:10:24.2919,177.597781331,110.595082657,160.00047759,113.080610524,52.4793011019,177.755245457,-0.065541,-0.7256915,0.28676,0.0059684,-0.61611418,-0.1590966,137.002825765,88.4935203457,173.992703533,104.913155245,176.29727579,111.413539488,142.263171338,169.72151306,134.546227595,72057594037927968
17,2016/11/15-15:10:24.3969,177.500381461,111.011417681,159.952818134,112.938922873,51.4120532369,177.18625792,-0.064136,-0.7266356,0.286078,0.0088404,-0.6153133,-0.1559726,136.163682899,86.6863734723,173.520484485,105.25452209,175.787940374,111.539877313,142.784021563,169.608105039,135.069316694,72057594037927968
18,2016/11/15-15:10:24.5075,177.258378931,113.01870954,160.086076145,113.166847396,50.1031412898,176.408998661,-0.0632167,-0.7287838,0.28709,0.0130664,-0.61313851,-0.152637,135.678310616,85.8344148627,173.139539755,105.742108182,175.215071156,111.711885691,143.132284945,169.260114048,135.268532785,72057594037927968
19,2016/11/15-15:10:24.6122,177.090718126,113.258027977,160.088096081,113.442885622,49.0841757638,175.571283163,-0.0618355,-0.729898,0.287479,0.0156887,-0.61292277,-0.149612,136.004893557,86.6279510822,174.363302247,104.997438152,174.719435926,111.335821793,142.558513967,168.882692067,134.507409523,72057594037927968
20,2016/11/15-15:10:24.7213,176.935460913,113.099528466,160.033739757,114.065827775,48.1996131533,174.67118048,-0.0615985,-0.7299228,0.287284,0.0188853,-0.61478965,-0.146793,136.229582203,87.2349044179,175.147427681,104.484008516,174.337228071,111.084117297,141.98051531,168.674168336,133.838875775,72057594037927968
21,2016/11/15-15:10:24.8258,176.78765463,113.378751153,160.121860195,114.683685328,47.3157778467,173.973036858,-0.0604599,-0.7279767,0.285778,0.0232597,-0.61495295,-0.144494,136.493356907,87.9848109134,175.82508045,104.126263043,173.800780465,110.79667949,141.592372425,168.313105279,133.267835124,72057594037927968
22,2016/11/15-15:10:24.9221,176.709015264,112.76157652,160.026988899,115.208001707,46.3419506478,173.295835566,-0.0602035,-0.7278624,0.286527,0.025719,-0.617045,-0.14123,135.641694276,86.1158197582,174.580610939,105.000133345,173.548818201,111.11221925,142.122742608,168.285646309,133.830202708,72057594037927968
23,2016/11/15-15:10:25.0163,176.561738716,111.758483629,159.796551195,115.796679979,45.4886625749,172.777160443,-0.0591348,-0.7291352,0.287999,0.0275223,-0.6179554,-0.139047,134.928166052,84.940072082,173.670509448,105.76081904,173.342278612,111.462508055,142.60164841,168.127884036,134.244771673,72057594037927968
24,2016/11/15-15:10:25.1132,178.055906302,102.248638014,159.609416787,117.531378798,47.9863646636,172.270626577,-0.0589107,-0.730733,0.286872,0.0305449,-0.6174712,-0.139153,135.731062352,86.3528320879,174.874137596,107.160769176,178.368649536,112.386425498,139.499817968,172.126107138,133.952761334,72057594037927968
25,2016/11/15-15:10:25.2930,177.633208257,103.107323045,159.418804158,117.915138512,47.5152399218,172.269261594,-0.0584706,-0.7322272,0.284611,0.0333349,-0.6171453,-0.138943,134.928578903,84.4152427693,173.739265272,107.410931201,177.136084046,112.446035576,140.12274789,171.714013728,134.299416477,72057594037927968
26,2016/11/15-15:10:25.3724,177.496486524,101.882996825,159.19490817,118.35318891,47.1695505664,172.399530946,-0.0565952,-0.7332026,0.286957,0.0334687,-0.6182917,-0.138993,135.565912701,85.4349275249,174.909373737,107.201356926,176.885054365,112.376338808,139.579101644,171.105854529,133.371419066,72057594037927968
27,2016/11/15-15:10:25.4245,177.515307283,101.164526492,159.088962449,118.687438897,46.9433088596,172.30181548,-0.0561066,-0.7332971,0.285675,0.034351,-0.618182,-0.140591,134.678487108,83.4362360135,173.542827698,107.82526292,176.840127917,112.640555408,140.275623552,170.946982476,133.907678472,72057594037927968
28,2016/11/15-15:10:25.5262,178.237386207,95.7702504957,158.789797196,119.919870225,49.3132368125,171.773933212,-0.0554047,-0.7347638,0.285178,0.0332688,-0.6197564,-0.140412,135.534883695,85.2440259755,175.033703678,108.49543973,179.184886117,113.200356281,138.055213955,174.227546209,133.758752274,72057594037927968
29,2016/11/15-15:10:25.6241,178.518520475,94.5632836544,158.772127989,120.491936223,50.0641237033,171.459288059,-0.0548265,-0.7362587,0.283874,0.0331337,-0.6215323,-0.140692,135.709838835,84.8286588276,175.065539032,108.440028694,179.826873841,113.233344198,137.024842287,175.600165401,133.615977536,72057594037927968
30,2016/11/15-15:10:25.7303,178.736838691,92.7640313807,158.620727249,121.131813676,50.910247298,171.348640906,-0.0545603,-0.7375193,0.284236,0.0338036,-0.6221901,-0.139468,136.009153555,84.8727989503,175.432380178,108.438026934,179.780483692,113.259148341,135.834252656,176.84851786,133.193112961,72057594037927968
31,2016/11/15-15:10:25.7573,178.770182599,92.4035741421,158.680478098,122.389709311,52.5077098796,171.136875484,-0.0538095,-0.7384478,0.284824,0.0322769,-0.6246066,-0.139299,136.163592317,85.6852016763,175.108607851,108.564714092,179.612819165,113.275301153,134.670192688,178.573571046,132.87001277,72057594037927968
32,2016/11/15-15:10:25.8472,177.807652183,174.509842449,176.059004084,120.799615454,53.2330156578,169.348961086,-0.0533491,-0.7313166,0.282992,-0.0023359,-0.6456968,-0.138045,136.613259683,87.8924971278,174.683695928,109.561132992,163.28960894,105.144850161,133.066246195,178.82060558,132.361753356,72057594037927968
33,2016/11/15-15:10:25.9433,177.557073289,174.06020988,175.683497886,121.159168868,53.0205892771,169.514726508,-0.0531856,-0.7310413,0.2815,-0.0001492,-0.6448204,-0.136772,135.619386728,86.7335432548,171.935946453,110.1956082,163.228323961,105.604494668,134.459614484,179.962483157,132.739325214,72057594037927968
34,2016/11/15-15:10:26.0395,177.37533063,173.743252188,175.419363364,121.5880437,53.1095915071,169.611298006,-0.0530216,-0.7343832,0.283451,0.0006136,-0.6447794,-0.136293,135.206966533,86.4656043649,170.466263917,110.590506255,163.133288035,105.882837022,135.264043058,179.529771628,132.949492517,72057594037927968
35,2016/11/15-15:10:26.1346,177.305255604,173.110338152,175.2214194,122.47088837,53.8843556488,170.022172982,-0.0535416,-0.7345747,0.281855,0.0010899,-0.6445018,-0.13552,134.988993749,86.3723271507,169.562086107,110.800389664,162.877627978,105.989025046,135.404220261,179.636456651,132.78536629,72057594037927968
36,2016/11/15-15:10:26.2296,176.837595215,167.648780368,173.762697334,122.310638656,53.2009765113,170.002027499,-0.053908,-0.7361247,0.28055,0.0010376,-0.6445865,-0.136166,134.792402275,86.2590133487,168.818891891,111.058896543,162.748901276,106.138447264,136.276386874,178.628860707,132.989484314,72057594037927968
37,2016/11/15-15:10:26.3380,177.192752318,165.733812415,173.664530245,122.460245421,53.1634630823,169.834661023,-0.0536527,-0.7340101,0.278821,0.0019372,-0.6449949,-0.135075,134.704325208,86.3280347004,168.43689832,111.247390764,162.680359144,106.248376928,136.659428142,178.460565438,133.097140438,72057594037927968
38,2016/11/15-15:10:26.4756,177.157613388,165.770176904,173.642320397,122.574444795,53.0955224155,169.891890399,-0.053953,-0.7365057,0.281471,0.0023197,-0.6450768,-0.134807,134.614109621,86.2875903474,168.070210312,111.446886445,162.559908405,106.338529778,136.898263907,178.238026997,133.091978984,72057594037927968
39,2016/11/15-15:10:26.5820,177.236230703,170.713346079,174.642196072,122.513825973,52.5811441591,169.767705889,-0.0545256,-0.7370835,0.281929,0.0026203,-0.6467175,-0.135127,134.550407901,86.3981380032,167.841623126,111.567713324,162.444413025,106.402059236,137.308171892,177.691956782,133.159556988,72057594037927968
40,2016/11/15-15:10:26.7091,177.38521964,163.96941486,173.439282511,122.542567864,52.6076331255,169.955915272,-0.0550442,-0.7379423,0.281037,0.0030364,-0.6464848,-0.135132,134.459379757,86.424539837,167.678507398,111.658331363,162.43565663,106.472817432,137.380712239,177.540372761,133.011680763,72057594037927968
41,2016/11/15-15:10:26.8238,176.198083522,148.425403112,175.555406073,122.709602895,56.0922621487,172.045450628,-0.0557412,-0.7418678,0.283313,0.0042075,-0.6449543,-0.135425,134.403655413,86.4687186855,167.574084052,111.383743812,139.823351636,99.9762950305,135.323997372,179.550160793,131.745725485,72057594037927968
42,2016/11/15-15:10:26.9254,176.376705487,147.464564036,174.903555774,122.667694199,54.8656095946,171.712921145,-0.0566122,-0.7434023,0.283714,0.0041034,-0.6446158,-0.13406,134.366558171,86.496809916,167.468065315,111.391296762,139.836128635,99.9838629705,135.821174968,179.343233585,131.803668095,72057594037927968
43,2016/11/15-15:10:27.0322,176.296736252,147.475156138,175.010806674,122.697072269,54.4694533747,171.670519868,-0.0567143,-0.7393086,0.28215,0.0042962,-0.6425914,-0.133877,134.212649174,86.7021330881,167.582315478,111.423557584,139.842937449,100.001617663,136.116562321,178.847616641,131.828630501,72057594037927968
44,2016/11/15-15:10:27.4440,178.139166239,101.548222449,162.157305646,122.597223316,53.9814806014,171.394832753,-0.0554593,-0.7262506,0.266262,0.0039283,-0.6411748,-0.132107,134.132917494,86.8001072765,167.615323153,113.035152543,160.301676026,107.143002716,136.418709377,178.501807795,131.914172568,72057594037927968
45,2016/11/15-15:10:27.5693,175.992956605,144.785971862,173.664863672,122.541761452,53.4297777725,171.335597584,-0.0584252,-0.7569524,0.284455,0.0036337,-0.6412055,-0.130909,136.472787958,92.6512909115,171.159616506,110.427054566,140.601329441,99.7418927802,134.831365532,177.631522175,129.98596406,72057594037927968
46,2016/11/15-15:10:27.6599,174.423245112,177.098008111,173.947299802,122.53973765,52.9665356987,171.282413308,-0.0574848,-0.7354591,0.281344,0.0035985,-0.6408114,-0.131775,135.859560671,91.4212728292,170.367332585,112.243472573,158.163716232,106.171109952,135.647431702,177.088925295,130.498321177,72057594037927968
47,2016/11/15-15:10:27.7646,174.571992655,175.722468144,173.79444192,122.509957231,52.591805221,171.241748225,-0.0579958,-0.7348342,0.282542,0.0033763,-0.6416164,-0.131203,135.470865223,90.9522925738,170.16993863,112.279104548,158.360305334,106.246620347,136.247137805,176.630409224,130.815005338,72057594037927968
48,2016/11/15-15:10:27.8860,174.88090123,153.254300743,177.308878778,122.48520721,52.3730587202,171.228453413,-0.0599866,-0.7531644,0.28614,0.0040339,-0.6419326,-0.13037,135.248396934,90.5484091537,169.962839916,111.717777896,144.518466342,101.376386487,136.509225806,176.398619455,130.924362978,72057594037927968
49,2016/11/15-15:10:27.9969,174.044630382,174.780534992,173.175657132,122.499360109,52.1777633154,171.235945335,-0.0604284,-0.7380391,0.283621,0.0038281,-0.643244,-0.130095,135.066943279,90.360324625,169.899708093,112.765744988,158.208081429,106.61200873,136.780512538,176.169426546,131.058858971,72057594037927968
50,2016/11/15-15:10:28.1153,174.259309256,171.969281591,172.817853918,122.458549982,51.8300304435,171.28291845,-0.061001,-0.7355913,0.283898,0.0040359,-0.6445811,-0.129647,134.944439058,90.2386387329,169.816576179,112.67580028,158.454029046,106.643651605,137.166294877,175.730142551,131.20087465,72057594037927968
51,2016/11/15-15:10:28.3119,174.672348858,153.298107313,177.557719167,121.585047394,51.6010500421,171.866801225,-0.0634508,-0.7533992,0.282844,-0.0414708,-0.693449,-0.133367,134.756968179,90.1390220303,169.853911218,111.817696587,142.602227335,100.949056132,137.001526404,175.501714965,130.863952485,72057594037927968
52,2016/11/15-15:10:28.3495,174.328159734,159.982985515,179.728787416,121.567246543,51.5212863881,171.903205134,-0.063753,-0.752233,0.283842,-0.0411764,-0.693815,-0.131841,134.641337306,90.1129405363,169.875133993,111.975223907,146.249923627,102.032614741,137.159465471,175.388771267,130.959101514,72057594037927968
53,2016/11/15-15:10:28.4396,174.423998429,165.528043137,178.958399492,122.784209533,50.1985537466,171.007024916,-0.0642093,-0.750144,0.284269,0.00256,-0.6471731,-0.126053,136.692600852,94.8947383327,173.253337692,109.896097517,147.839791513,101.55146281,135.478560649,174.495610492,129.010824281,72057594037927968
54,2016/11/15-15:10:28.4978,174.340748068,167.53976037,178.347137517,122.897007574,49.7836426553,171.300754282,-0.0642239,-0.7494875,0.285803,0.0027172,-0.6472642,-0.124916,137.463069634,96.8732369681,174.753788937,108.474033355,148.957693323,101.228647457,134.709206453,173.609621278,127.918875308,72057594037927968
55,2016/11/15-15:10:28.5630,174.099683132,179.872333884,175.039056952,122.78923471,49.4350945998,171.513277694,-0.0637547,-0.7432528,0.285169,0.0024927,-0.6468118,-0.124284,137.984086285,98.3428507016,175.806939556,107.758427799,153.914451156,102.617081372,134.062597364,173.101514349,127.173879088,72057594037927968
56,2016/11/15-15:10:28.6474,174.067113791,179.095965539,175.297495748,122.419663369,49.2157414249,172.20392939,-0.0638458,-0.7396011,0.283445,0.0021261,-0.6457206,-0.123558,138.318649169,99.5333018778,176.637448637,107.124945732,153.290304618,102.105506304,133.481964718,172.574342516,126.43935987,72057594037927968
57,2016/11/15-15:10:28.7280,174.252909329,175.378987099,176.227901771,121.121626981,48.8739054839,171.990787507,-0.0641344,-0.7395998,0.282769,-0.042489,-0.6935399,-0.127385,136.450659965,95.4247619884,174.338667326,108.191645812,153.07255223,102.475906357,134.819938619,172.655498652,127.678000444,72057594037927968
58,2016/11/15-15:10:28.7764,174.339675909,178.876309375,175.669648658,121.718597301,47.8948445149,171.671585282,-0.0645664,-0.7393673,0.285038,0.0050243,-0.6429231,-0.12173,137.403316583,97.9810821596,175.894851316,107.197735725,152.736690528,101.903801736,133.928352263,172.133364514,126.675057388,72057594037927968
59,2016/11/15-15:10:28.8340,175.932979596,177.597437771,175.776050814,121.238840201,52.5213782229,172.368426585,-0.0639431,-0.7353208,0.283442,-0.041529,-0.6908991,-0.12562,137.753810375,98.7584335084,176.576594132,105.298836776,158.494362507,102.018335725,132.078348576,177.287788904,127.516369662,72057594037927968
60,2016/11/15-15:10:28.8861,175.914995827,174.915028849,175.008911095,122.613460436,51.032283219,171.705594233,-0.0636119,-0.7329744,0.282392,0.0034277,-0.6439718,-0.120492,136.193560211,95.1912487149,174.350421382,106.322848455,159.875254827,103.090986595,133.932768754,176.165262833,128.8412395,72057594037927968
61,2016/11/15-15:10:28.9533,175.854924557,175.384929826,174.902595979,122.803308034,50.7058392345,171.869814979,-0.0636076,-0.731791,0.282423,0.0032257,-0.643804,-0.120666,137.432075567,98.3047196608,176.180528261,105.472503116,160.42128273,103.008306435,133.201658923,175.512023445,127.883037979,72057594037927968
62,2016/11/15-15:10:29.0275,175.689157447,176.970697316,176.778356639,122.946714187,50.5411275169,171.888462236,-0.0645592,-0.7345559,0.283927,0.0031863,-0.6436954,-0.120503,137.787622364,99.1815146669,176.692399354,105.289628559,157.571205948,101.954991725,133.011127956,175.215406683,127.584366827,72057594037927968
63,2016/11/15-15:10:29.0620,175.576886773,176.931196256,175.546869195,121.346840809,50.8283840256,173.119721889,-0.0651739,-0.7395374,0.285655,-0.0416713,-0.6921704,-0.125832,136.38140218,95.7499265079,174.656539598,105.998955813,156.619322158,101.989772643,133.943356981,174.931559365,128.296690703,72057594037927968
64,2016/11/15-15:10:29.1139,175.581426666,175.73406832,175.178771901,121.75492892,50.7929783685,173.167159986,-0.0655027,-0.7379485,0.284337,0.0009302,-0.6423752,-0.12114,137.509333187,98.5348402104,176.337901602,105.203213802,157.407362897,101.942695072,132.85733255,174.889577136,127.196136128,72057594037927968
65,2016/11/15-15:10:29.1626,175.604036995,175.003870242,174.974517662,120.253604631,50.7342295185,173.442982731,-0.0653324,-0.7363134,0.285833,-0.0376581,-0.6817279,-0.123672,138.00250861,99.7754151098,177.072518277,104.643103354,157.720902644,101.859969527,132.350293151,174.762026795,126.656142036,72057594037927968
66,2016/11/15-15:10:29.1845,176.618509455,177.825150419,176.346049725,122.068638671,53.1203747528,171.974813614,-0.0657991,-0.7388876,0.28844,0.0025704,-0.6413751,-0.119471,138.40978026,101.137031943,178.171955387,103.462327274,159.723341321,101.21633369,130.902638676,178.839424284,127.260999687,72057594037927968
67,2016/11/15-15:10:29.2283,177.02449654,177.956373023,176.772640441,122.602284433,54.4580137725,171.747675261,-0.0664148,-0.7391746,0.287844,0.0025912,-0.6407287,-0.118373,138.64932358,101.680333302,178.491490075,103.092043322,160.032908157,100.823786545,130.476128728,179.341666203,127.868898872,72057594037927968
68,2016/11/15-15:10:29.3578,177.599790518,175.501938318,176.556928812,120.815462936,54.9801689505,171.243506566,-0.0663452,-0.7359366,0.287145,-0.0283534,-0.6704003,-0.120518,138.81598339,102.129753134,178.800268432,102.503202966,162.395852544,101.089114329,129.877498638,177.915254352,127.980276532,72057594037927968
69,2016/11/15-15:10:29.3817,177.062739272,179.216337699,177.062447206,120.65225132,53.878000249,171.836949383,-0.0664207,-0.7370722,0.286952,-0.0304947,-0.67376,-0.120343,136.325542428,96.2278020034,175.391953027,104.309069016,159.925001872,101.554278341,132.21118062,179.399943019,129.483290506,72057594037927968
70,2016/11/15-15:10:29.4141,177.425213701,168.06749613,174.68081388,120.836273258,55.2820724315,171.798120372,-0.065433,-0.7336021,0.286799,-0.0318254,-0.6761689,-0.119303,137.551735213,99.2530612071,177.065144155,104.636175733,164.286576678,102.857732177,130.774981247,177.594088324,129.026815978,72057594037927968
71,2016/11/15-15:10:29.4785,177.716257376,178.808382478,177.419575011,121.168131503,56.4913535565,171.774583339,-0.065746,-0.7350599,0.284111,-0.0337596,-0.676353,-0.119359,138.178582469,100.959162445,178.13321842,104.799369644,162.825765077,102.253488534,129.642095153,176.186210953,128.61646763,72057594037927968
72,2016/11/15-15:10:29.5280,177.79377609,176.603115679,177.009463786,122.162021812,56.6551301901,171.023976164,-0.0661834,-0.7515776,0.289023,0.0002909,-0.6424336,-0.114865,138.578962283,102.003651813,178.744539173,104.665100554,162.84056288,102.105519472,129.111019917,175.345484362,128.522302109,72057594037927968
73,2016/11/15-15:10:29.6463,178.138818642,169.318795213,175.399055981,121.610620093,57.293571564,171.492963633,-0.0656446,-0.7460506,0.287098,-0.0348072,-0.6801319,-0.119617,138.730709607,102.222899816,178.938250309,103.972229946,166.34736733,102.787000846,128.734984573,175.006779954,128.303125464,72057594037927968
74,2016/11/15-15:10:29.7454,178.214766859,172.824833298,176.407364586,121.634894893,57.7370833751,171.452203984,-0.0653647,-0.74926,0.287896,-0.0344714,-0.6804981,-0.11907,138.838252126,102.402879556,179.138742055,103.626136486,164.945684198,102.043998361,128.427321812,174.43984326,128.266552421,72057594037927968
75,2016/11/15-15:10:29.8514,177.353936536,168.364199081,174.5503531,121.305044633,55.8606644195,171.791070611,-0.065026,-0.7460958,0.288102,-0.0340692,-0.6802086,-0.118558,136.46908942,96.859599209,175.737162921,105.279377694,164.640819537,103.422311191,131.205756417,176.762743468,129.801765659,72057594037927968
76,2016/11/15-15:10:29.9729,177.562369972,172.075599056,175.787119003,122.650479232,56.283003582,170.86116885,-0.0649513,-0.7500182,0.286712,-0.0001389,-0.6422959,-0.116322,137.567870016,99.5283664536,177.095396606,104.463566508,162.899668006,102.214329658,130.606363605,175.838053709,129.759389606,72057594037927968
77,2016/11/15-15:10:30.0899,177.747573603,170.866859336,175.511629687,122.073888257,56.840941425,171.319310445,-0.0646655,-0.7481515,0.287699,-0.0325963,-0.6774888,-0.120459,138.071870989,100.602747546,177.597291496,105.177779805,164.808246723,103.075720539,130.264099736,175.681565009,129.591622417,72057594037927968
78,2016/11/15-15:10:30.1856,177.790381199,171.242145994,175.550855264,123.463115839,57.0380075909,170.425079275,-0.0640546,-0.7481361,0.286898,-0.0024542,-0.6446174,-0.116702,138.476731697,101.674882883,178.186700866,105.31727878,165.476022624,103.326143251,130.03470316,175.14939533,129.67222942,72057594037927968
79,2016/11/15-15:10:30.3165,177.817972034,161.099004332,173.603936621,122.706628983,57.3185989097,170.408271888,-0.0634664,-0.7455945,0.286761,-0.0319859,-0.67794,-0.120713,138.922640612,102.654654192,178.531056085,104.836320265,166.847542124,103.457843437,129.712815187,174.828653494,129.616313307,72057594037927968
80,2016/11/15-15:10:30.3602,177.762647977,157.48699511,172.956842014,123.011219747,57.4286135629,169.932334853,-0.0636436,-0.7456741,0.284651,-0.0330428,-0.6805113,-0.121757,139.05578584,102.966122189,178.547425314,105.777061824,167.454239791,104.106828509,129.697760038,174.54677675,129.831713672,72057594037927968
81,2016/11/15-15:10:30.4733,178.18377538,158.659744468,173.259177861,122.980832703,57.3867606729,169.82946323,-0.0606245,-0.7460436,0.283612,-0.030968,-0.6814717,-0.122171,139.053897998,102.784584997,177.949245244,106.595958177,168.383534592,104.784284414,129.264660773,174.401644132,129.547598908,72057594037927968
82,2016/11/15-15:10:30.5518,178.764046326,162.19760855,174.197798856,124.508919327,56.8330654911,168.855273655,-0.0590243,-0.7444491,0.283156,0.0139035,-0.6382688,-0.118333,138.976198155,102.668797422,177.562319978,107.361215944,168.630568966,105.250434622,128.940993285,174.060711074,129.462238751,72057594037927968
83,2016/11/15-15:10:30.6080,178.042906957,149.860808822,171.815670639,124.65119105,56.8803957475,168.635925914,-0.0571628,-0.7448424,0.28151,0.0146154,-0.6394161,-0.119356,139.041468516,103.090140326,177.54028458,107.639859199,169.022764652,105.52133456,128.719187083,173.834049625,129.420814036,72057594037927968
84,2016/11/15-15:10:30.6695,176.916663214,152.533775199,171.450371307,122.683151479,54.2119529462,169.166067868,-0.0548268,-0.7453032,0.278403,-0.01868,-0.6739731,-0.124561,136.15503298,95.8883517537,172.970980363,109.684029906,165.519791489,106.168878453,131.811971788,177.145603997,130.74058572,72057594037927968
85,2016/11/15-15:10:30.7289,176.61932765,148.867103465,170.72914187,123.901052187,53.2908165718,169.557798665,-0.0528354,-0.7444617,0.276805,0.0110974,-0.6451525,-0.122868,135.831027039,95.5534588374,172.514415961,110.260302678,164.092300635,106.290033462,132.577460861,179.106183206,130.438595866,72057594037927968
86,2016/11/15-15:10:30.7955,176.208405157,151.123986588,170.83314469,123.873677917,52.0870550849,169.543935491,-0.0500544,-0.7452372,0.275638,0.0146149,-0.644091,-0.123531,135.51387361,95.0934462007,172.0268869,110.496909708,162.881651732,106.210607426,133.193965718,179.341772176,130.261713369,72057594037927968
87,2016/11/15-15:10:30.8708,175.744778579,159.340150845,171.692159242,123.664286044,51.1778545947,169.586096371,-0.0478578,-0.7458033,0.277412,0.0154892,-0.6446985,-0.124121,135.39589003,94.855974426,171.562717854,110.798492859,162.280155732,106.285339705,133.571735839,178.241146096,130.078518643,72057594037927968
88,2016/11/15-15:10:30.9167,175.660378776,113.924653408,166.201655662,122.255043589,50.1475975708,169.341396745,-0.0420059,-0.7382066,0.21106,-0.0124092,-0.6750807,-0.128446,137.371054821,100.257076524,173.693851552,111.075761304,161.206187784,106.228972904,132.795179518,177.733816424,129.249103232,72057594037927968
89,2016/11/15-15:10:30.9784,175.283836261,164.836328021,172.148125835,123.566288863,51.013300353,169.359140128,-0.044837,-0.7468235,0.278044,0.0137843,-0.6493228,-0.126354,138.119038652,102.181585693,174.309072047,111.999412612,162.22583457,106.764317648,131.932837192,178.952332997,129.213261583,72057594037927968
90,2016/11/15-15:10:31.0666,175.862167629,129.800513938,168.232863178,122.531808694,49.6354076367,169.263414132,-0.0411523,-0.7470996,0.25758,-0.00844,-0.6772276,-0.129752,137.521021166,100.801643443,173.369261013,112.319431898,161.39561193,106.746948836,132.629720868,177.544875259,129.196759447,72057594037927968
91,2016/11/15-15:10:31.1299,175.80018392,160.348591056,172.197260668,122.389522206,48.8819182496,168.629021509,-0.0416046,-0.7553245,0.27645,0.020251,-0.6450256,-0.126789,138.149999617,102.780752031,174.266167923,112.877362247,162.963987748,106.767930906,132.740151744,177.335927621,129.448196202,72057594037927968
92,2016/11/15-15:10:31.1845,176.575403798,162.914736179,172.825097577,122.389229453,48.916108812,168.524810395,-0.0408412,-0.7575023,0.277331,0.0222436,-0.6440965,-0.126414,138.339988398,103.21040707,174.315791155,113.817180325,164.815934576,107.577723626,132.480699919,177.615377831,129.416184762,72057594037927968
93,2016/11/15-15:10:31.2421,176.729737142,164.244420724,173.098162293,121.246443189,49.1311632547,167.701228571,-0.0394526,-0.7531997,0.276928,-0.0083368,-0.6763483,-0.130381,138.444500275,103.821329547,174.435058219,114.552037602,165.106382326,107.972986521,132.135188687,178.614789277,129.6061339,72057594037927968
94,2016/11/15-15:10:31.3001,176.923493342,164.902724272,173.332543523,122.316895865,49.4841309136,167.146925335,-0.038312,-0.750645,0.275169,0.0222448,-0.6448354,-0.12672,138.483008871,104.205206746,174.547245259,115.085522331,165.232490059,108.218224105,131.858788116,179.371935409,129.747872538,72057594037927968
95,2016/11/15-15:10:31.5440,177.122564903,166.472019032,173.69379967,121.333995912,49.5414885247,167.004611901,-0.0377207,-0.7490879,0.275109,-0.0034744,-0.6725974,-0.130511,138.584390352,104.522408904,174.485839207,115.64934104,165.660161055,108.571034524,131.706077629,179.601806048,129.751716877,72057594037927968
96,2016/11/15-15:10:31.6444,177.168585689,165.816865291,173.674464731,121.262420392,49.6486765309,166.852137245,-0.0367509,-0.7503391,0.272757,-0.0051888,-0.6753901,-0.131618,138.743695151,104.645739482,174.330526135,116.214913196,165.520700771,108.737786861,131.624580596,179.8868449,129.863978214,72057594037927968
97,2016/11/15-15:10:31.7916,177.291131753,169.051848041,174.267816893,122.428033558,49.7325951097,166.8021123,-0.0361753,-0.7514339,0.275092,0.024331,-0.6456267,-0.128235,138.884078262,104.773854177,174.183422898,116.546539499,165.788749593,108.957488836,131.450704954,179.928978328,129.82579687,72057594037927968
98,2016/11/15-15:10:31.8751,177.676582474,140.398792574,172.153404484,122.540052529,49.7931081251,166.731712625,-0.0360656,-0.7767095,0.274857,0.0273448,-0.6448473,-0.127901,138.983533028,104.96429335,174.160188731,116.384644976,138.609229939,102.073011372,131.413370923,179.739184888,129.929111241,72057594037927968
99,2016/11/15-15:10:31.8894,176.655832792,164.049630688,177.969643913,121.356119546,48.4935051317,166.894450009,-0.0357322,-0.7479768,0.274468,-0.00606,-0.6814234,-0.133053,137.902294405,101.794700535,172.746593206,116.27914836,163.877184121,108.580790504,132.442222666,178.488040577,129.91233878,72057594037927968
100,2016/11/15-15:10:31.9289,176.21505899,137.604770857,173.350922964,122.065636531,47.2822774415,166.99799592,-0.0354893,-0.776954,0.274685,0.022348,-0.6522118,-0.127231,137.267771204,100.068101368,171.875387067,115.640384597,134.079251243,100.712111196,133.274722162,176.96114184,129.851477859,72057594037927968
101,2016/11/15-15:10:31.9992,176.187848804,138.041923294,173.344969916,121.802753947,46.2583833568,166.995626568,-0.0360136,-0.7763554,0.273043,0.0266882,-0.6483291,-0.126773,136.78114078,98.9451581491,171.328180436,115.236805228,133.687263586,100.410012356,134.061574453,175.696138398,129.909536716,72057594037927968
102,2016/11/15-15:10:32.0586,175.740095771,162.753868414,179.14733231,121.71891565,45.6055017523,167.070368728,-0.0353318,-0.7467659,0.274307,0.0266105,-0.6482428,-0.126957,136.488110556,98.2680263396,170.889208714,116.272615234,156.807517228,106.729890004,134.5477493,174.847583649,129.906505035,72057594037927968
103,2016/11/15-15:10:32.1125,176.432373152,165.58796832,179.410747677,121.786020566,45.8564333768,166.944959725,-0.0356205,-0.7470698,0.273364,0.027934,-0.6484275,-0.126504,137.516754309,100.910460608,171.805822673,117.144210912,160.233186086,107.908560828,134.00992952,175.490857544,129.862635157,72057594037927968
104,2016/11/15-15:10:32.1702,177.023493083,161.835391144,173.441319899,121.711385286,45.420188001,167.070423215,-0.035981,-0.7499752,0.271024,0.0310363,-0.6465413,-0.125537,136.941038654,99.3203953893,171.166511639,116.934911198,159.178860947,107.612190624,134.466861131,174.865147793,129.94150274,72057594037927968
105,2016/11/15-15:10:32.2248,177.462233637,160.467774958,173.396528397,121.91388896,45.8439482223,166.94441037,-0.0364522,-0.7499984,0.271084,0.0317968,-0.6462146,-0.125225,137.609996905,100.678251468,171.682270161,117.193607779,161.144198562,108.134468154,133.844480582,175.68178417,129.867480524,72057594037927968
106,2016/11/15-15:10:32.2860,177.440614192,145.22873304,171.303597584,121.932742935,46.0550393769,166.705187224,-0.0354596,-0.7528852,0.259747,0.0319985,-0.6461881,-0.124265,137.943083945,101.204587005,171.964815154,117.590223838,163.049424093,108.742839666,133.567903608,176.262743749,129.989636207,72057594037927968
107,2016/11/15-15:10:32.3728,177.57099589,131.27719693,169.801165558,122.015190966,46.2256424117,166.545269436,-0.033558,-0.7491718,0.227391,0.0332047,-0.6463679,-0.123024,138.332810061,101.933557662,172.216588663,117.823411461,164.153917826,109.067002699,133.232747703,176.788548068,130.027477396,72057594037927968
108,2016/11/15-15:10:32.3962,177.705371308,126.831627445,169.405902266,122.070248084,46.3719692675,166.39659005,-0.0349977,-0.7505994,0.222582,0.0333217,-0.6461104,-0.122825,138.569646583,102.349446563,172.482123319,117.860388153,164.810020334,109.183179051,132.914275049,177.264070523,130.041322794,72057594037927968
109,2016/11/15-15:10:32.4452,179.212086114,170.676934352,176.318869609,122.306845408,46.6763623974,166.52848584,-0.0386857,-0.7499923,0.272042,0.0342551,-0.6462419,-0.12234,138.774700566,102.552212117,172.604798912,118.572866849,166.34082183,110.004535218,132.56027391,177.661695869,129.949983707,72057594037927968
110,2016/11/15-15:10:32.5138,177.4306404,105.450375781,167.059116701,122.339652415,46.7629792134,166.545546358,-0.0358887,-0.75096,0.177773,0.0349482,-0.6463719,-0.121555,138.790134681,102.672978195,172.754151507,118.892012714,165.17816983,109.857735808,132.433705029,177.892817685,130.002947865,72057594037927968
111,2016/11/15-15:10:32.5781,177.303092007,105.536593641,167.197783043,122.526004271,47.0945227159,166.584651405,-0.0355748,-0.7499442,0.180291,0.0367227,-0.6455985,-0.120637,138.88910884,102.807340138,172.890550392,118.839426518,164.84731503,109.724717123,132.241495569,178.289262882,130.031540116,72057594037927968
112,2016/11/15-15:10:32.6459,178.29158118,176.124895142,179.389604718,122.598871496,46.5997524012,166.843145877,-0.0405943,-0.7517468,0.272962,0.0373662,-0.645368,-0.120576,137.314526101,98.5643709992,171.538658862,118.126456366,160.354943689,108.512940535,132.993282621,177.364614619,130.151589488,72057594037927968
113,2016/11/15-15:10:32.6990,177.48576793,179.953040791,177.433037852,122.540609185,46.0066890044,167.026840534,-0.0408683,-0.7510122,0.273653,0.0379347,-0.6453075,-0.120162,136.566182162,96.779482955,170.860554991,117.508811455,158.66013652,107.935341808,133.522005218,176.470094571,130.126841774,72057594037927968
114,2016/11/15-15:10:32.7278,176.992712608,179.290075112,177.180595587,122.523385864,45.6546356353,167.232439442,-0.0415007,-0.7513127,0.273297,0.0384308,-0.6458018,-0.119441,136.087738332,95.8391758696,170.496603367,117.278592808,157.637049897,107.646585075,133.914596369,175.836877428,130.122592062,72057594037927968
115,2016/11/15-15:10:32.7988,176.721277749,177.880427006,177.308425443,122.567698305,45.4382746434,167.360270184,-0.0377992,-0.7184116,0.238058,0.0387266,-0.6454306,-0.118764,135.659059422,95.25019463,170.36572121,117.06781612,157.324096908,107.532321856,134.169877618,175.463578005,130.130245546,72057594037927968
116,2016/11/15-15:10:32.8568,176.415503219,176.919470847,177.28877283,122.646908162,45.2067723701,167.508802469,-0.0377114,-0.719023,0.245161,0.0386213,-0.6442631,-0.118205,135.408030114,95.0990104451,170.395829351,117.006242063,156.894456111,107.442586771,134.31098733,175.084217742,130.040120403,72057594037927968
117,2016/11/15-15:10:32.9147,176.085816982,176.292333123,177.143713169,122.821618518,45.1939830237,167.745882918,-0.0386829,-0.7215727,0.243955,0.0391664,-0.6441368,-0.11791,135.015809442,94.8901101774,170.500469731,116.873683682,156.641325824,107.403463695,134.340983286,174.883043476,129.929495086,72057594037927968
118,2016/11/15-15:10:32.9778,177.249749926,178.702184461,177.37467149,123.086894551,45.9600713401,167.688300437,-0.0382509,-0.718866,0.240094,0.0405536,-0.6439051,-0.117103,136.349584277,98.0881250848,171.733383732,117.013975132,161.290999398,108.394609313,133.220793306,176.15288396,129.674751903,72057594037927968
119,2016/11/15-15:10:33.0014,177.846598129,173.023208967,179.724488038,123.284361854,46.8118999086,167.442692224,-0.0390832,-0.7160346,0.238472,0.0409213,-0.6435686,-0.116438,137.296824805,100.174518232,172.438704074,116.489313015,159.85910411,107.260264682,132.331184477,177.633330301,129.745003958,72057594037927968
120,2016/11/15-15:10:33.0513,177.389859806,178.281588621,176.353257589,123.443250051,47.3597315664,167.360571329,-0.0437819,-0.7562319,0.275325,0.0407462,-0.6437658,-0.117116,137.758530038,101.490212941,173.063424946,116.891929484,165.291774317,109.442383745,131.630769128,178.56881905,129.672863887,72057594037927968
121,2016/11/15-15:10:33.0964,177.434189622,177.92354026,176.283156487,123.5115882,47.798247503,167.14826714,-0.0381149,-0.7167571,0.232102,0.0418388,-0.6435126,-0.116721,138.08309827,102.477257716,173.498204074,116.626638169,165.608577198,109.364053241,131.155013209,179.429273587,129.761168592,72057594037927968
122,2016/11/15-15:10:33.1610,178.080485639,176.136934555,176.420737419,123.496218242,47.8979813015,167.06535217,-0.0380558,-0.7175522,0.227233,0.0434123,-0.6438634,-0.116617,138.210115472,103.181843302,173.91582435,116.814251108,166.81362731,109.854613007,130.823521211,179.764953849,129.695764965,72057594037927968
123,2016/11/15-15:10:33.2264,177.747007514,173.145559486,174.984652809,123.235201773,47.6186827831,167.072137516,-0.0378964,-0.7181624,0.229098,0.0438343,-0.6442608,-0.116051,138.20261911,103.43632144,174.121541237,116.905596098,168.809180887,110.693356065,130.789708309,179.627537196,129.725726657,72057594037927968
124,2016/11/15-15:10:33.2517,177.933031826,174.243080825,175.596721772,123.17923616,47.5365105284,166.878609888,-0.0373496,-0.7174336,0.231848,0.0446882,-0.6441779,-0.115929,138.396670336,103.901024771,174.302045845,116.745632072,168.139736166,110.214786688,130.536373336,179.813130285,129.639137364,72057594037927968
125,2016/11/15-15:10:33.3295,177.902984771,173.836904426,175.402198102,123.215572601,47.5856183238,166.791160437,-0.0357162,-0.7164773,0.229393,0.0460587,-0.6440762,-0.114961,138.440806425,104.467342674,174.369093223,116.732659105,168.527206755,110.285580844,130.353024664,179.886981208,129.680219755,72057594037927968
126,2016/11/15-15:10:33.3557,178.152455695,175.558339404,176.258012883,123.259650977,47.5936930796,166.705796985,-0.0351307,-0.7180009,0.230307,0.0472071,-0.6427257,-0.114035,138.433745507,104.769668727,174.524085123,116.769878895,167.952645324,109.894559281,130.18105095,179.708871549,129.644427464,72057594037927968
127,2016/11/15-15:10:33.3962,178.057989526,175.419472788,176.067961439,123.35340659,47.7082772467,166.585987805,-0.0346438,-0.7181133,0.230161,0.0496888,-0.6430115,-0.113808,138.419526715,104.764823329,174.513100111,116.774892205,168.249056868,110.005607801,130.025230953,179.441982668,129.647345651,72057594037927968
128,2016/11/15-15:10:33.4678,177.993072592,179.650156325,177.359825034,123.271323457,47.5924620286,166.483180835,-0.0332796,-0.7151666,0.226735,0.050118,-0.6427126,-0.114328,138.435105463,104.965862003,174.620854004,117.018385621,166.446127796,109.432651544,129.956071257,179.37002224,129.651922043,72057594037927968
129,2016/11/15-15:10:33.5358,178.118915373,179.746064685,177.702036331,123.242254366,47.5159074221,166.556498424,-0.0321629,-0.7171601,0.225359,0.0506733,-0.6424287,-0.113993,138.4191133,105.349090171,174.860687981,116.984667855,166.317313863,109.277998476,129.909865764,179.421512844,129.600046336,72057594037927968
130,2016/11/15-15:10:33.5786,177.766074943,177.253880624,176.231620124,125.858564299,45.8625216378,165.004314181,-0.0310476,-0.7159867,0.225994,0.0710857,-0.638768,-0.11108,138.357127527,105.541807882,174.924362344,117.497447404,167.979825872,110.34598351,129.799786202,179.281719657,129.584581612,72057594037927968
131,2016/11/15-15:10:33.6028,177.840800447,177.721063162,176.467561732,123.01519674,47.5377456369,166.438030178,-0.0305281,-0.7145862,0.227683,0.0548129,-0.638141,-0.11306,138.259918673,105.774235177,175.132465269,117.476424472,167.967212774,110.259725143,129.705863934,179.165717164,129.563928349,72057594037927968
132,2016/11/15-15:10:33.6799,176.825755188,72.2151190943,161.524953712,123.046851202,47.5065989448,166.346448492,-0.0249672,-0.7059707,0.130054,0.0543626,-0.6375886,-0.112956,138.203646336,105.854531179,175.18095792,117.340030102,168.100547909,110.193503766,129.713680376,179.102047684,129.607042744,72057594037927968
133,2016/11/15-15:10:33.7356,176.797970446,72.448124107,161.623347396,123.05722275,47.5011026191,166.312655952,-0.024519,-0.7048641,0.130469,0.0546044,-0.6378272,-0.112395,138.1340675,105.967277116,175.313594674,117.32008086,168.327108395,110.267955395,129.696000039,179.065387747,129.610327449,72057594037927968
134,2016/11/15-15:10:33.8210,176.741366569,73.1003576137,161.894833292,123.026758925,47.4460463057,166.22261966,-0.0242161,-0.704476,0.132128,0.0541001,-0.6376289,-0.112772,138.159388837,106.055715209,175.375100844,117.334554243,168.550777883,110.348453576,129.704187849,179.051336935,129.630542753,72057594037927968
135,2016/11/15-15:10:33.8683,177.933928097,173.107475508,175.223182445,123.09540638,47.5499553393,166.181717483,-0.0339591,-0.7478792,0.269918,0.0545451,-0.6375182,-0.112168,138.088563449,106.193489892,175.522042163,117.456194473,169.407539791,110.795021721,129.628373984,178.906957656,129.623965466,72057594037927968
136,2016/11/15-15:10:33.9296,176.310561599,74.9026649752,162.647160443,123.040285275,47.4809628827,165.980002537,-0.027548,-0.7344238,0.166076,0.0529043,-0.6375268,-0.111236,138.059818894,106.718717886,176.025913585,117.230134895,169.938117681,110.855167686,129.635458535,178.839419567,129.6699922,72057594037927968
137,2016/11/15-15:10:33.9585,176.352002172,74.8927539547,162.671686869,123.359587693,47.8369746738,166.287358484,-0.0273359,-0.7334774,0.16804,0.0523093,-0.6385769,-0.110976,138.043021249,106.917437367,176.247942783,117.169249541,170.35133385,110.948563221,129.356449463,178.610052048,129.489537386,72057594037927968
138,2016/11/15-15:10:33.9925,176.343892244,75.1237842356,162.688682964,123.343448836,47.8041276825,166.212366444,-0.0274556,-0.7329781,0.173239,0.0520396,-0.6380836,-0.11064,137.996251825,107.145129513,176.529709084,116.906253716,170.600061001,110.916732699,129.326361599,178.551492124,129.499966738,72057594037927968
139,2016/11/15-15:10:34.0465,176.420448249,74.8456291658,162.744621819,123.320200535,47.823772406,166.234806482,-0.0278694,-0.7333138,0.172638,0.0518383,-0.6369277,-0.108678,137.845109349,107.411649003,177.179444209,116.306146807,171.098484256,110.722815727,129.314372095,178.524099075,129.497852013,72057594037927968
140,2016/11/15-15:10:34.1039,177.599699352,169.138694007,174.375036994,122.932529398,46.4227966488,166.654770142,-0.0346936,-0.7330952,0.271648,0.0508293,-0.6361855,-0.107548,134.259666425,99.7678369933,175.486185231,115.340538287,163.697260653,108.755705699,131.343622723,178.837826951,129.803920319,72057594037927968
141,2016/11/15-15:10:34.1575,176.891216665,171.789737876,174.523281333,125.849014127,45.2441314441,166.825768729,-0.0352277,-0.7313382,0.272668,0.0673879,-0.6347482,-0.104204,134.584124852,100.918309516,176.084095667,114.885642303,160.86223808,107.934779136,131.371345996,177.570987171,129.163032479,72057594037927968
142,2016/11/15-15:10:34.2051,176.353750374,175.22763026,174.957954538,122.494651013,45.494885118,167.701917052,-0.0362344,-0.7321121,0.274102,0.0455192,-0.636534,-0.107458,134.819145907,101.666656577,176.568451818,114.166695889,159.186003503,107.257714946,131.321556689,176.902767036,128.753509661,72057594037927968
143,2016/11/15-15:10:34.2635,176.111969914,177.031649317,175.259701184,122.960100504,46.6462128698,168.685076711,-0.0370748,-0.7295665,0.274131,0.0463563,-0.6339542,-0.106413,134.978244381,102.961681013,177.569123209,113.958467913,158.203200213,106.936251571,130.228907798,177.62948307,127.884567719,72057594037927968
144,2016/11/15-15:10:34.2871,175.854049432,179.191135132,175.604365435,123.000438583,46.2812460078,168.738723652,-0.0381676,-0.7306559,0.276211,0.0454317,-0.6327564,-0.103521,135.230504397,103.585416714,177.969136678,113.391856033,157.576974323,106.596438437,130.142391696,177.16595248,127.551123826,72057594037927968
145,2016/11/15-15:10:34.4001,174.5028973,175.950568556,173.663893302,121.226820426,43.7638922139,167.169241716,-0.0381651,-0.7176934,0.270238,-0.0078068,-0.6810534,-0.111935,133.527458585,100.044671847,176.879963514,112.967044526,158.151233007,106.589434529,131.893838785,175.299564379,128.181578846,72057594037927968
146,2016/11/15-15:10:34.4226,175.115798761,178.764037532,175.470993566,122.521582301,42.9426622048,168.410794828,-0.0402786,-0.7392166,0.280072,0.0457054,-0.6334758,-0.099187,133.920214277,101.006729217,177.424295267,112.349406347,157.46696087,106.159264973,131.719593887,173.753176251,127.394688852,72057594037927968
147,2016/11/15-15:10:34.4631,175.057856989,178.843065223,175.437130559,122.35638396,42.510953667,168.305558307,-0.0401092,-0.7396369,0.280895,0.0453731,-0.6335041,-0.099247,133.110145232,99.8126272919,177.050920482,112.178316041,157.489749184,106.108116478,132.476570627,173.074685987,127.682300474,72057594037927968
148,2016/11/15-15:10:34.5314,174.959984004,176.577828275,175.965334436,126.896489889,43.2254233848,169.116103577,-0.0407599,-0.7381887,0.282083,0.0656347,-0.6380491,-0.09447,133.50130475,100.495593506,177.216833741,111.686749453,156.996218576,105.778020167,132.247056877,172.933979467,127.431693923,72057594037927968
149,2016/11/15-15:10:34.5962,174.171512518,177.094769873,175.007199841,122.606222887,42.0644193398,168.191950554,-0.0400523,-0.7390222,0.2843,0.0448526,-0.6348434,-0.097128,133.852188716,101.229081371,177.443063564,111.191742533,156.698704581,105.526030464,131.95047679,172.83588332,127.134588747,72057594037927968
150,2016/11/15-15:10:34.6452,174.356234953,176.650037085,175.345212879,126.020060486,40.5278740079,167.017684504,-0.0390195,-0.7382745,0.286116,0.063488,-0.6308003,-0.094531,133.148959,100.131031222,177.103651579,111.224074721,156.662687392,105.499325178,132.896263205,172.165684532,127.628141892,72057594037927968
151,2016/11/15-15:10:34.7182,177.083636692,153.330119795,175.03065122,122.072080785,40.3522263673,166.907896393,-0.0382674,-0.7618906,0.287967,0.0476991,-0.6344353,-0.095681,132.686761848,99.6281755836,176.908306656,109.079530002,143.829385274,99.8773960741,133.694642735,171.561958791,128.03138551,72057594037927968
152,2016/11/15-15:10:34.7443,175.288560706,176.154599733,174.465358537,121.948069265,40.1447573909,166.785684163,-0.0381924,-0.7350989,0.286393,0.0478824,-0.6349208,-0.095623,132.37578542,99.2489581604,176.698134132,110.458517092,157.988293629,105.204401792,134.068649132,171.308169352,128.207465099,72057594037927968
153,2016/11/15-15:10:34.8014,175.159556838,174.271939468,174.035281649,121.585525951,39.8188589452,166.380075113,-0.0375524,-0.7341818,0.286274,0.0477396,-0.6342252,-0.095645,132.1411458,98.9878105437,176.583645658,110.557650886,157.6926529,105.176023241,134.57915241,171.099863971,128.534160608,72057594037927968
154,2016/11/15-15:10:34.9217,174.998599667,171.935390916,173.497292,120.99573529,39.1274335958,166.034164804,-0.0366021,-0.7359024,0.289363,0.0452941,-0.6341791,-0.095202,132.017263839,98.9769964029,176.581578802,110.63838227,157.502104116,105.203891755,135.192887895,170.489693979,128.783134855,72057594037927968
155,2016/11/15-15:10:34.9446,175.799798071,159.913820766,179.026548575,120.753686926,38.7939503008,165.938763758,-0.0367109,-0.7679188,0.285106,0.0457588,-0.6343029,-0.094428,131.882391963,98.8640424422,176.491938407,108.990465595,139.654354384,98.8833824489,135.507329911,170.124902978,128.870087763,72057594037927968
156,2016/11/15-15:10:34.9581,174.836096331,168.868604501,173.187823421,120.676003507,38.9604457676,165.78829779,-0.0362548,-0.7372235,0.286638,0.0449445,-0.633133,-0.096096,131.79028238,98.8267833131,176.407804847,110.238335832,156.728483167,104.496039142,135.720188492,170.230618335,129.062303049,72057594037927968
157,2016/11/15-15:10:35.0648,175.204703143,159.875642428,172.086400368,120.663284235,39.0390778251,165.850669058,-0.0349141,-0.7367571,0.28714,0.0443898,-0.6327234,-0.096175,131.711287616,98.8106915403,176.337493719,110.343286028,156.88773992,104.641223182,135.75559047,170.18727891,129.04397264,72057594037927968
158,2016/11/15-15:10:35.0940,175.24763873,176.494467167,174.697902075,120.65704789,39.2019204795,165.990366394,-0.0344085,-0.7360044,0.289895,0.0442999,-0.6323195,-0.096805,131.648722846,98.7490606234,176.244118696,110.432686022,156.812988395,104.693015458,135.830426169,170.163781588,129.06864977,72057594037927968
159,2016/11/15-15:10:35.1489,175.279395929,175.337988321,174.465543367,120.684402125,39.4339416479,165.933787856,-0.0346032,-0.7360849,0.288284,0.0435331,-0.6315552,-0.096969,131.595079026,98.8033197961,176.245218578,110.438645394,156.98117885,104.775830929,135.839979043,170.352503289,129.132648122,72057594037927968
160,2016/11/15-15:10:35.2309,174.8109493,158.153156386,171.580634307,120.699149568,39.6315853135,165.689897911,-0.0331034,-0.7226547,0.284462,0.0434683,-0.6316751,-0.096697,131.510531898,98.678385361,176.165172902,110.493544692,156.870350646,104.811697231,135.913962023,170.627582745,129.291940036,72057594037927968
161,2016/11/15-15:10:35.3891,174.466589454,173.858218653,175.964010759,120.88854772,40.0768201851,165.580575588,-0.0344422,-0.7347422,0.288391,0.0434679,-0.6314996,-0.097284,131.412309887,98.6412242429,176.092656448,110.690866561,156.729967143,104.908357969,135.929973652,171.042171748,129.436945728,72057594037927968
162,2016/11/15-15:10:35.4851,174.558657624,176.484746147,175.456099593,120.639111999,39.9428300489,165.24819047,-0.0338328,-0.7348203,0.288713,0.0431984,-0.6316596,-0.097041,131.396945778,98.6535248376,176.078068261,110.763136669,156.73275701,104.964296655,136.142586548,171.039928121,129.612392494,72057594037927968
163,2016/11/15-15:10:35.5066,174.697059494,179.589520324,174.760168924,120.584036987,40.0271910214,165.423213074,-0.0337771,-0.7352935,0.289166,0.0433458,-0.6314456,-0.097913,131.37347404,98.6635234994,176.072821729,110.781711582,156.730475006,104.982092395,136.211362785,170.928679803,129.608734664,72057594037927968
164,2016/11/15-15:10:35.5559,174.639682696,179.584642078,174.86998076,120.404218992,39.8231755041,165.355234753,-0.0337609,-0.735527,0.289366,0.0428241,-0.63092,-0.097963,131.336304643,98.638050297,176.041285267,110.78472038,156.726200046,104.995736329,136.374747566,170.725065207,129.65497885,72057594037927968
165,2016/11/15-15:10:35.6173,174.695124678,179.454688204,174.678871865,120.452275038,39.937915104,165.393061983,-0.0335006,-0.7347716,0.290128,0.0422584,-0.6305028,-0.098085,131.305461849,98.668776381,176.025930491,110.713453634,157.016786349,105.059690125,136.385349814,170.772221532,129.665259894,72057594037927968
166,2016/11/15-15:10:35.6963,174.677622886,179.143693178,174.489785422,120.515813869,39.9325501429,165.687661303,-0.0336283,-0.7351661,0.291598,0.0414295,-0.6304247,-0.098204,131.28032925,98.6587360298,175.978434689,110.699182139,157.597887324,105.269475702,136.369686328,170.569316023,129.547702511,72057594037927968
167,2016/11/15-15:10:35.7515,174.628158183,179.909917587,174.603781154,120.444760227,39.9720580944,165.577106322,-0.0341246,-0.7346692,0.288988,0.0417622,-0.6303761,-0.099251,131.250604189,98.6153993421,175.971783698,110.717865399,157.559283951,105.275111508,136.433405236,170.625719251,129.616471344,72057594037927968
168,2016/11/15-15:10:35.7761,174.648606788,179.245619707,174.472557216,120.454769722,40.01606103,165.599213659,-0.0344306,-0.734959,0.28984,0.0415541,-0.6306331,-0.098341,131.210736494,98.5830688666,175.957681348,110.732522414,157.647667225,105.317216809,136.454572275,170.624330003,129.620794287,72057594037927968
169,2016/11/15-15:10:35.8128,174.626070402,179.133536495,174.4110784,120.339725129,39.881173436,165.619935772,-0.0347537,-0.7343187,0.289213,0.0419004,-0.6305842,-0.09789,131.201931771,98.6093503589,175.971649547,110.756001628,157.704916931,105.366981907,136.553650546,170.453694567,129.629884859,72057594037927968
170,2016/11/15-15:10:35.9283,174.68366566,177.67962796,174.181696802,120.346361782,39.8210439592,165.82570741,-0.0346177,-0.7344594,0.289846,0.0409065,-0.6301931,-0.097819,131.203629925,98.6311260351,176.007029778,110.798591352,157.660102727,105.380481107,136.552977604,170.256866975,129.534641526,72057594037927968
171,2016/11/15-15:10:35.9523,174.710002385,177.182778792,174.096001602,120.375738095,39.854636487,165.849406597,-0.0350331,-0.7345329,0.290385,0.0407549,-0.6298732,-0.097835,131.248810912,98.8181845265,176.047952486,110.767535574,157.742144619,105.400061751,136.56803514,170.245748427,129.526673885,72057594037927968
172,2016/11/15-15:10:35.9996,174.667424092,177.544767287,174.150229928,120.391365853,39.8384628443,165.902307597,-0.0351431,-0.7354044,0.291282,0.0411165,-0.63009,-0.097235,131.221917315,98.78581556,176.06041265,110.820317619,157.592537246,105.384852423,136.547467835,170.181080933,129.469991671,72057594037927968
173,2016/11/15-15:10:36.0827,174.656346085,177.54018617,174.144442291,120.46140868,39.8439172237,166.127132234,-0.0353616,-0.7359292,0.291526,0.0409919,-0.6294755,-0.096835,131.234980673,98.7566148165,176.039912802,110.830599088,157.553713793,105.387496707,136.524991124,170.037868317,129.37628771,72057594037927968
174,2016/11/15-15:10:36.1193,174.640032102,177.622482074,174.160184293,120.421576184,39.8012052211,166.115021246,-0.0361427,-0.7354901,0.290933,0.0405854,-0.6294039,-0.097092,131.207534646,98.67387056,176.013638816,110.861888412,157.473978583,105.376958967,136.584479975,169.983676916,129.394561697,72057594037927968
175,2016/11/15-15:10:36.1827,174.622689669,177.532516152,174.121192961,120.420951819,39.7700317917,166.125217261,-0.0361875,-0.7363408,0.292595,0.0409622,-0.6295898,-0.096729,131.296709413,98.7715584166,175.98629512,110.867133765,157.489712817,105.394121245,136.602137223,169.930423174,129.378315185,72057594037927968
176,2016/11/15-15:10:36.2507,174.625374037,177.464986251,174.119847878,121.944896765,41.2774568609,168.170635695,-0.037093,-0.7351267,0.291816,0.0402502,-0.6287645,-0.096934,131.312899445,98.6895952499,175.914150953,110.850918052,157.430522473,105.372124168,135.394597085,170.346698206,128.445409438,72057594037927968
177,2016/11/15-15:10:36.2941,174.808783902,174.111409958,173.712647737,120.020028847,41.1946619329,167.898639287,-0.0372259,-0.7349309,0.289784,-0.0113137,-0.6749793,-0.108412,131.291240618,98.5973448782,175.891930869,110.860634047,157.109991608,105.257981408,135.409235508,170.436638415,128.485232774,72057594037927968
178,2016/11/15-15:10:36.3457,174.799306726,174.099412316,173.715302141,121.369879434,40.2880103459,167.131707708,-0.0371333,-0.7353699,0.292029,0.0379263,-0.6302407,-0.09731,131.271193526,98.4585878847,175.8183978,110.903348626,157.028039823,105.254451357,135.744526478,170.134460081,128.656274245,72057594037927968
179,2016/11/15-15:10:36.4002,174.770881034,174.372543891,173.759531463,121.412736734,40.4657085977,166.928532448,-0.0376525,-0.7349465,0.289722,0.0393106,-0.6309328,-0.096874,131.256154318,98.4280191891,175.813022885,110.922097184,156.920385242,105.232903371,135.734487838,170.408870761,128.748591951,72057594037927968
180,2016/11/15-15:10:36.4438,174.808522659,173.423715601,173.629579629,121.124173225,40.0736567648,166.890832993,-0.0379252,-0.7351372,0.290632,0.0389013,-0.6307834,-0.096784,131.239516707,98.4557069987,175.869026705,110.91349236,156.876793839,105.21299997,135.95869626,169.99521799,128.77591813,72057594037927968
181,2016/11/15-15:10:36.4728,174.177853549,158.183299473,171.080541255,121.160621406,40.1301206486,166.875584614,-0.0366288,-0.7138568,0.272086,0.0389363,-0.6305755,-0.096993,131.229011644,98.4661954037,175.897310752,110.951816855,156.835111766,105.221886426,135.971087651,170.044940721,128.798557941,72057594037927968
182,2016/11/15-15:10:36.5414,174.422216973,161.886540134,171.654371244,121.170178467,40.136476812,166.879512398,-0.0378114,-0.7355367,0.28898,0.038736,-0.6308563,-0.095677,131.209515551,98.4494473777,175.912099562,110.951811509,156.827342586,105.216526697,136.003966218,170.026193074,128.810543342,72057594037927968
183,2016/11/15-15:10:36.6506,174.549766977,163.950944856,171.997949674,121.110374949,40.1032100789,166.761128794,-0.0385252,-0.7361988,0.290234,0.0392526,-0.6304156,-0.095988,131.2130908,98.4416416999,175.943279086,110.952470659,156.813340948,105.214182055,136.062901227,170.052535137,128.87100307,72057594037927968
184,2016/11/15-15:10:36.6776,174.606149128,167.380070569,172.522197443,121.008303806,39.9899664603,166.687136961,-0.0390528,-0.7364202,0.290932,0.0383177,-0.6307059,-0.09633,131.195600359,98.3575484568,175.940684279,110.953411536,156.81596644,105.213962105,136.162974043,169.954145923,128.910568503,72057594037927968
185,2016/11/15-15:10:36.7156,174.218484308,161.418112928,171.49676663,121.145030733,40.19673006,166.660656193,-0.0381231,-0.7161046,0.278284,0.0382419,-0.6306077,-0.09528,131.226393906,98.3289134597,175.938511943,110.955401153,156.80429502,105.215177294,136.096749198,170.16031865,128.92190878,72057594037927968
186,2016/11/15-15:10:36.7846,174.347357677,163.360204096,171.806002254,121.131956598,40.1731833928,166.6334985,-0.0382685,-0.7152802,0.279244,0.0377546,-0.630912,-0.096329,131.282067899,98.3078246001,175.941268013,110.962122515,156.819633212,105.226310883,136.149598071,170.131633613,128.9482257,72057594037927968
187,2016/11/15-15:10:36.8316,174.107560812,155.160896896,170.719606014,119.951209192,40.4394476955,166.761832155,-0.0385647,-0.7154394,0.275137,-0.0099913,-0.6718994,-0.106984,131.29091466,98.2461468651,175.934699008,110.950448341,156.779709308,105.205405539,136.170745973,170.165948731,128.972268479,72057594037927968
188,2016/11/15-15:10:36.8895,173.977489645,146.197912431,169.747177624,119.840787068,40.3034552473,166.746849604,-0.0389024,-0.7127964,0.270582,-0.0100616,-0.6721658,-0.106612,131.323941841,98.3589657788,176.074078575,110.960036624,156.696652684,105.187625057,136.26290924,170.022329206,128.989251349,72057594037927968
189,2016/11/15-15:10:36.9502,173.93784493,145.653891118,169.683528958,121.261580956,40.1306387071,166.820861315,-0.0393331,-0.7138583,0.270874,0.0340195,-0.6323759,-0.09668,131.39697033,98.4315753649,176.189840233,110.900557658,156.725061115,105.169193551,136.286421812,169.872346618,128.936541654,72057594037927968
190,2016/11/15-15:10:37.0077,174.346096815,151.77178074,170.42430602,122.064984061,41.5792986937,167.92405265,-0.0395479,-0.7160433,0.276372,0.0355966,-0.6317317,-0.096816,131.43414659,98.3046275804,176.214125174,110.882113073,156.726182614,105.163251471,135.218837515,170.818020212,128.317977944,72057594037927968
191,2016/11/15-15:10:37.0315,174.720922069,160.711463098,171.669307719,122.037689819,41.3203169912,167.807281576,-0.0401589,-0.727003,0.29443,0.0346609,-0.6317938,-0.09681,131.484015198,98.2804036091,176.272235615,110.855589343,156.691532319,105.141920392,135.435461771,170.568383428,128.415928199,72057594037927968
192,2016/11/15-15:10:37.0786,176.711628946,177.616740736,176.187722816,120.701950093,42.0500517659,168.145937694,-0.041154,-0.7250264,0.289584,-0.0132067,-0.6735467,-0.108482,131.50665788,98.4279963793,176.532257259,110.832564348,156.55379333,105.080656729,135.52756264,170.768485242,128.562220672,72057594037927968
193,2016/11/15-15:10:37.2083,175.575490889,177.554113525,175.174353602,120.688484152,41.9844937373,168.109377899,-0.0413295,-0.7230727,0.29298,-0.0140942,-0.6745556,-0.105788,131.595501574,98.4884039136,176.845025025,110.807697454,156.513518631,105.048354294,135.584077151,170.70107631,128.574691575,72057594037927968
194,2016/11/15-15:10:37.2472,175.483300821,176.831687244,174.937802583,122.17043709,41.2197311195,167.854262212,-0.0420326,-0.7249598,0.291255,0.0327019,-0.6320871,-0.096529,131.707077996,98.5017562803,176.893274338,110.705028017,156.551881318,105.012912207,135.754501352,170.228627029,128.529736681,72057594037927968
195,2016/11/15-15:10:37.3105,175.412965451,176.831992998,174.871190119,121.961005635,40.8894154656,167.841058224,-0.0427251,-0.7248049,0.292219,0.0312375,-0.6319836,-0.096312,131.828855925,98.6424247317,177.058544355,110.610031783,156.639729352,104.996541697,135.923773339,169.860476566,128.519230761,72057594037927968
196,2016/11/15-15:10:37.3870,175.342824383,177.648295365,174.986116062,121.976476078,40.8811002671,167.881072941,-0.0444429,-0.7261874,0.292316,0.0300751,-0.6325476,-0.096586,132.123214342,98.7721976962,177.248693926,110.520020137,156.709168196,104.969783547,135.97184449,169.782587371,128.503518099,72057594037927968
197,2016/11/15-15:10:37.4357,175.146500168,174.727046148,174.221921913,121.814516481,40.6521005022,167.848019329,-0.0447746,-0.7263147,0.293473,0.0289414,-0.6330957,-0.096434,132.274107325,98.7302972348,177.456080202,110.447796735,156.773685208,104.95493386,136.113271169,169.527057761,128.511281056,72057594037927968
198,2016/11/15-15:10:37.4960,174.96224748,169.379199008,173.134594446,121.740289315,40.5701304563,167.812471161,-0.0466998,-0.7254034,0.292267,0.0275557,-0.6331577,-0.095279,132.583878904,99.156521046,177.780267098,110.378733703,156.851119966,104.938901651,136.282754187,169.394197583,128.577308113,72057594037927968
199,2016/11/15-15:10:37.5692,175.192938902,170.65496513,173.533676701,121.685784985,40.5264406868,167.740376669,-0.0474942,-0.7251841,0.293027,0.0263209,-0.6332723,-0.095276,132.865740632,99.6240979413,178.12920465,110.261295175,156.764163148,104.848691053,136.374784546,169.355881367,128.622939405,72057594037927968
200,2016/11/15-15:10:37.5949,175.088891887,173.857728383,174.044613648,121.666299827,40.4854597309,167.752347541,-0.0482515,-0.7253761,0.293382,0.0254511,-0.6334097,-0.09469,132.98473858,99.2705421119,178.049776748,110.058990626,156.768931876,104.758351072,136.466413318,169.232059418,128.620542825,72057594037927968
201,2016/11/15-15:10:37.6422,175.006918694,176.72342413,174.538473293,121.621353549,40.499710611,167.844135733,-0.0489567,-0.7248493,0.29433,0.0265609,-0.6327249,-0.094168,133.09292358,99.1255699459,178.164378014,109.921899196,156.780645531,104.698819988,136.609812036,169.083075866,128.665628801,72057594037927968
202,2016/11/15-15:10:37.7151,174.973465175,177.568530016,174.679810719,120.874608508,40.9801667288,168.173547678,-0.0501284,-0.7250643,0.294739,0.025413,-0.6313806,-0.09384,133.411973687,99.6894400693,178.638728842,109.686750411,156.817763853,104.612113669,136.009194785,169.544080837,128.277887437,72057594037927968
203,2016/11/15-15:10:37.7804,175.254128232,169.55654412,178.5217982,120.397790096,40.9060891858,168.255386577,-0.0517414,-0.7294866,0.294637,0.0212525,-0.6317756,-0.094123,133.587792411,99.78523191,178.823563731,109.119579195,151.399035445,102.325294301,135.940591304,169.456831489,128.161300006,72057594037927968
204,2016/11/15-15:10:37.9989,176.115463786,166.97393629,179.916179249,119.639766928,41.1340162498,168.413418146,-0.0590493,-0.7335038,0.296817,0.0125141,-0.6315247,-0.095897,135.098897577,101.463678113,179.354863621,107.488461997,149.335439018,100.807930477,136.046570785,169.333124614,128.109019609,72057594037927968
205,2016/11/15-15:10:38.0638,176.283397785,165.52637315,179.361928385,119.411466262,41.649344299,168.967381942,-0.0628633,-0.7349682,0.298637,0.007603,-0.631045,-0.09568,135.869796305,102.526004284,178.60803845,106.643782785,148.805429232,100.223768082,135.982924213,169.280673653,127.930820966,72057594037927968
206,2016/11/15-15:10:38.2668,176.152819284,166.301684099,179.702784055,119.524572226,41.1904611335,168.855120306,-0.0649236,-0.7359067,0.300718,0.0071465,-0.63099,-0.096162,136.229571949,102.851079737,178.089339983,105.969707257,148.787521271,99.9411500158,136.804661768,168.498357224,128.332594232,72057594037927968
207,2016/11/15-15:10:38.3328,176.131349582,167.511503892,179.954762352,119.170760854,42.2017974916,169.048406537,-0.0667019,-0.7361108,0.300317,0.0028341,-0.6313576,-0.09613,136.470470172,102.957761968,177.818877193,105.399640685,148.972005905,99.7381645814,136.315646799,169.359973035,128.160697886,72057594037927968
208,2016/11/15-15:10:38.3944,176.160729099,169.191334849,179.53858708,118.630729802,41.9110503604,169.536116767,-0.0680018,-0.7364711,0.300306,0.0011369,-0.6323559,-0.097422,136.756224198,103.22111722,177.671738114,104.941514589,149.540471335,99.6877986634,136.328423743,168.768157837,127.920195909,72057594037927968
209,2016/11/15-15:10:38.4490,176.117172806,171.506594728,178.902738834,118.676325244,42.3275173289,170.579237093,-0.0681381,-0.7359882,0.300393,0.0011024,-0.6344144,-0.100206,137.055423834,103.510063061,177.517714843,104.553704298,149.968948612,99.6306031651,136.408472952,168.314166194,127.810802844,72057594037927968
210,2016/11/15-15:10:38.5176,176.21714006,172.263958012,178.805850642,118.125887534,42.1426460139,171.247217784,-0.0685454,-0.7349567,0.301221,-0.0011527,-0.6348211,-0.102993,137.239552249,103.550779931,177.431496782,104.075358488,150.051773798,99.3983726893,136.516232886,167.599117371,127.601595797,72057594037927968
211,2016/11/15-15:10:38.5691,176.620996438,168.509432366,179.866187982,118.682000991,43.0279212272,172.793081648,-0.0690734,-0.7358966,0.301099,-0.0037036,-0.6382994,-0.106982,137.450282593,103.652547569,177.377999115,103.524694832,148.14986215,98.5622536645,136.603212574,167.147070042,127.505134022,72057594037927968
212,2016/11/15-15:10:38.6303,176.89841839,167.579891393,179.390602531,118.751731615,43.7564281831,174.38222412,-0.0694603,-0.7365759,0.301727,-0.0062372,-0.6428008,-0.112114,137.645085367,103.803345162,177.347504826,103.058930375,147.01525289,98.0040447016,136.744486169,166.517846739,127.385916791,72057594037927968
213,2016/11/15-15:10:38.6839,177.106945026,164.716596446,178.490550313,117.91956934,43.992797727,175.474675126,-0.070196,-0.7355795,0.302778,-0.0044538,-0.642615,-0.117046,137.86410063,104.454939638,177.031154581,102.645811302,145.509353294,97.406893778,136.972402617,165.946316607,127.396427036,72057594037927968
214,2016/11/15-15:10:38.7635,178.144494822,157.923342417,175.874653906,117.801972294,44.5585745678,177.0741101,-0.0699055,-0.7351977,0.302096,-0.006622,-0.6505562,-0.123161,137.789267296,101.875921476,178.728907438,99.3938722614,142.136303532,94.9854415543,136.835103139,164.553295002,126.540727628,72057594037927968
215,2016/11/15-15:10:38.8096,178.234132198,154.457305286,174.901101038,116.757879103,45.2470039791,178.508629537,-0.0691505,-0.7366354,0.303789,-0.0043437,-0.6496966,-0.131376,137.946610431,102.529758143,178.459319783,99.3131362426,140.24737144,94.5514525886,137.465078494,163.937938156,126.833705248,72057594037927968
216,2016/11/15-15:10:38.8793,178.24889341,157.510555618,175.675369524,115.794531189,45.2665088974,178.520422365,-0.0679227,-0.7343494,0.306231,0.0068966,-0.6380417,-0.1396137,138.051512438,103.142900362,178.229379673,99.3627544489,142.281388917,95.0082191406,140.214319649,162.246542499,128.300061848,72057594037927968
217,2016/11/15-15:10:38.9242,178.383405062,158.828741978,175.91549698,115.735268632,46.916666683,179.950299419,-0.0673433,-0.7334667,0.307331,0.0099019,-0.6349674,-0.1482658,138.098956487,103.602818205,177.84775939,99.3470958096,142.858457073,95.1382198006,140.268498204,162.529277322,128.502634535,72057594037927968
218,2016/11/15-15:10:38.9774,178.319818755,158.089444238,175.776108032,115.575877962,48.3649359234,179.795830136,-0.0659526,-0.7334393,0.310105,0.0108024,-0.6369534,-0.1551111,138.122769992,104.355911826,177.439817515,99.5468586022,142.815276928,95.2233899273,141.102820704,162.870211718,129.295267265,72057594037927968
219,2016/11/15-15:10:39.0554,178.371522772,158.511166297,175.865542262,115.503310163,50.0275242089,179.416065601,-0.0656342,-0.7321374,0.310476,0.0118182,-0.6376289,-0.1632702,138.160942333,104.777697318,177.225162544,99.4617435516,143.070976989,95.2450595002,141.635629903,163.390005424,129.958713185,72057594037927968
220,2016/11/15-15:10:39.0912,178.183761101,157.066468763,175.623529647,115.754850658,52.4253215317,178.845543599,-0.065308,-0.7310319,0.312717,0.013145,-0.6356108,-0.1703838,138.146071861,105.374681041,176.807904272,99.6369306622,143.034642105,95.3284153613,141.888203391,164.334436538,130.608582063,72057594037927968
221,2016/11/15-15:10:39.1497,178.140438931,154.836494646,174.981844141,116.039992104,54.501754143,178.507177592,-0.0643588,-0.7312281,0.312135,0.0123757,-0.6347498,-0.1769716,137.941540707,105.201071356,175.612377569,99.9752887333,142.342803468,95.3860669958,142.158166103,165.657438399,131.613064971,72057594037927968
222,2016/11/15-15:10:39.2110,178.569042549,99.5696288616,160.402480709,121.563029449,60.9805984355,176.428364272,-0.06288,-0.7325997,0.315393,0.029978,-0.6219673,-0.1812651,136.879821174,98.7142365294,177.151481619,98.8433124524,177.294087464,107.350780678,136.7377506,170.775688168,130.147914152,72057594037927968
223,2016/11/15-15:10:39.2653,178.235871571,104.161775359,161.083567928,121.455141634,62.6293213318,176.368715473,-0.0611685,-0.728207,0.31619,-0.0107703,-0.6765833,-0.1970875,136.582945588,98.6181181802,176.902614276,99.1428043213,176.849107507,107.429182783,136.735532391,171.984050041,130.683827933,72057594037927968
224,2016/11/15-15:10:39.3169,179.0095125,149.119606895,172.683041988,122.545977347,66.1952271801,176.191963971,-0.0608657,-0.7266124,0.317218,-0.0054006,-0.6623593,-0.2006442,137.03879922,98.9601856286,178.55698453,97.4779698735,140.154467229,93.7560436186,134.26693872,175.456335514,130.22034447,72057594037927968
225,2016/11/15-15:10:39.3756,178.881065287,137.294889379,168.738752474,124.183237034,73.5661447624,175.277278667,-0.0593468,-0.7274253,0.319278,-0.017748,-0.6771684,-0.2158037,137.279477615,98.1124480118,178.272926958,96.2782915299,133.673510557,92.1273718118,130.980344625,177.755653314,130.518516607,72057594037927968
226,2016/11/15-15:10:39.4339,179.099278187,113.543646673,161.455964389,132.1134399,84.6579555985,178.457385598,-0.058681,-0.7307156,0.318164,0.0350948,-0.6331954,-0.2054336,136.480749657,96.034035706,177.661466344,96.8999991179,179.009269225,107.753401964,128.879864915,168.334563744,132.396021665,72057594037927968
227,2016/11/15-15:10:39.4975,178.896155019,124.868513905,163.257681114,133.647599467,87.3187562143,179.860906557,-0.0576571,-0.7307999,0.316785,0.0217418,-0.6444955,-0.2152509,136.122469173,95.6789983571,177.529846005,97.5541279983,178.299807447,107.661453729,128.672165378,165.46211463,133.281067682,72057594037927968
228,2016/11/15-15:10:39.5576,179.212611086,160.032707768,174.249505554,134.061316217,97.8470133475,174.320078992,-0.0558417,-0.7009994,0.30952,0.0031654,-0.6645656,-0.2273898,136.732411023,95.2570115361,179.059904207,95.2734869711,151.935586177,95.4660477812,125.796006306,160.016104707,132.713919822,72057594037927968
229,2016/11/15-15:10:39.6061,179.073594709,161.237843747,174.549985357,135.094603305,100.567770907,174.917371424,-0.0544729,-0.6954028,0.295445,0.0048588,-0.6622627,-0.229084,136.560403967,94.1120090561,178.086271711,94.9407396369,153.970739527,95.8345713744,124.305753359,156.634188336,132.573819608,72057594037927968
230,2016/11/15-15:10:39.6662,178.324226777,159.071784658,169.808626499,138.092442175,103.879415452,176.706057087,-0.0578679,-0.7685712,0.214895,0.016942,-0.6558534,-0.2298672,135.74128312,89.8740408625,177.727175094,95.4203062236,175.157343684,105.066204584,122.874137158,152.836857711,132.382017278,72057594037927968
231,2016/11/15-15:10:39.7583,178.258627003,159.959597436,169.768298196,139.617423409,105.155152806,178.687751038,-0.0535536,-0.7156546,0.319839,0.0158424,-0.6587278,-0.2340768,134.990638365,90.3547073016,179.008474019,97.1691080493,175.252643209,106.088840059,123.968522251,152.00041499,134.015442796,72057594037927968
232,2016/11/15-15:10:39.8339,179.027739095,147.961459912,169.664225755,139.966942155,110.514646209,176.169668385,-0.0570765,-0.7083572,0.243606,0.0056781,-0.6644034,-0.2398928,135.218462987,89.0307681679,177.157442224,95.840211355,145.010050488,94.4025344546,121.756008315,148.930387094,133.117958112,72057594037927968
233,2016/11/15-15:10:39.8904,178.601732114,150.131922807,170.138474144,140.679089837,112.680644002,175.961935925,-0.0567946,-0.7105699,0.245931,0.0040482,-0.6673476,-0.2408913,135.314746597,88.8700915973,176.604843005,96.3856582385,148.419981294,95.4462722939,120.097648293,146.942410507,132.270649786,72057594037927968
234,2016/11/15-15:10:39.9425,178.211917898,149.372531346,169.684021376,141.584267316,117.43296651,174.232553455,-0.0579274,-0.7035497,0.232714,0.0021379,-0.6705901,-0.2470415,135.478704608,88.4066647514,175.80944662,96.5332742034,149.105073919,95.7674528791,118.823262706,144.610435353,131.825474103,72057594037927968
235,2016/11/15-15:10:40.0111,178.074147144,143.850448757,167.926487869,142.64502319,119.713454101,174.95044395,-0.0567725,-0.7105719,0.234463,-0.0010132,-0.6731774,-0.2491756,135.210087621,84.7609282551,176.74130205,95.196257281,143.990079571,94.2726454328,117.242373843,141.399396008,131.859891089,72057594037927968
236,2016/11/15-15:10:40.0575,177.726842754,140.515325488,167.211003629,142.037626838,118.009862234,176.058319091,-0.0470901,-0.7166026,0.320976,-0.0007033,-0.673306,-0.2477896,133.606988322,84.8740730827,179.376339364,97.9427567242,140.944207618,94.8936076724,120.277363795,143.205773083,134.468095831,72057594037927968
237,2016/11/15-15:10:40.1083,177.622237287,139.555621184,167.065571498,142.641194879,117.196938183,178.154847829,-0.047109,-0.6802913,0.297784,0.0008158,-0.6676004,-0.2450881,132.455904757,86.4463124174,179.624172886,99.5549831212,139.913513263,95.3471058143,121.84884238,143.857725659,136.234009655,72057594037927968
238,2016/11/15-15:10:40.1774,176.970160991,137.886156195,169.39154208,141.79172478,116.36854682,177.097614643,-0.0500634,-0.7289644,0.222509,0.0005488,-0.6653747,-0.2397277,134.396071542,87.5201995121,174.930204786,97.287120299,109.752440524,89.3453675403,120.033919338,143.417852168,133.922846155,72057594037927968
239,2016/11/15-15:10:40.2357,176.362629441,133.843666598,169.312435348,141.18347007,115.181895299,177.711436598,-0.0480664,-0.730508,0.220887,-0.0001705,-0.6654465,-0.2350826,134.035453699,88.3743210602,175.549688316,97.494599878,100.260633802,88.0520434262,120.50753918,143.953571785,134.421529752,72057594037927968
240,2016/11/15-15:10:40.2837,176.092264405,132.477165159,169.205646925,140.777289594,113.002099543,179.23292273,-0.0457634,-0.7294001,0.221802,-0.0002496,-0.6642013,-0.2264313,133.642233138,89.1192102941,176.01481617,98.7406924055,97.1351040045,88.0263098983,120.679245053,144.024126022,134.548912174,72057594037927968
241,2016/11/15-15:10:40.3498,176.960948532,108.670555569,165.55968718,140.550436822,108.360630098,179.348078128,-0.0365335,-0.7073044,0.151756,0.0064413,-0.651755,-0.2089863,136.03334181,92.0083295272,171.785320442,103.937607957,113.429406336,92.4083626007,119.372655303,144.126758608,130.980168992,72057594037927968
242,2016/11/15-15:10:40.3963,175.175531412,147.048770655,171.020752743,139.762283216,103.386268929,174.964277446,-0.0395303,-0.6856794,0.159187,-0.0003511,-0.6550924,-0.1937721,134.944891247,92.6552197846,172.838199585,104.235408309,109.103352392,91.8810550649,119.250187968,142.448869385,131.054865172,72057594037927968
243,2016/11/15-15:10:40.4689,174.97286163,156.975163923,172.94007014,142.193830456,101.75423267,175.211484089,-0.031995,-0.6842678,0.158975,0.0093269,-0.6413655,-0.1696616,135.164469469,94.2783765345,167.849899984,105.401701431,100.779101172,91.0815130877,121.676718615,144.696293479,129.160765873,72057594037927968
244,2016/11/15-15:10:40.5864,174.789766052,164.478230197,174.326405147,140.628728485,94.7402094699,172.185519513,-0.0254096,-0.6837645,0.160082,-0.0023604,-0.6497013,-0.1563721,135.352060266,95.3242636211,164.316123703,105.772631233,94.1593639138,90.23355684,122.893039535,146.224664724,128.396045517,72057594037927968
245,2016/11/15-15:10:40.6567,174.653901135,168.921771384,175.128102975,140.19891939,90.8777273554,170.608198565,-0.0230906,-0.6782905,0.167087,-0.0056494,-0.64656,-0.1374894,134.921685612,94.3129049285,163.866738242,106.406315798,89.0181554076,89.6677846887,123.438277389,145.934303149,128.360036224,72057594037927968
246,2016/11/15-15:10:40.7083,174.596381812,172.402131642,175.772754592,141.919100854,106.270468257,172.163287983,-0.0211901,-0.6530632,0.162699,-0.0215477,-0.6541442,-0.1230598,135.07176993,94.348580156,162.986211723,107.816680344,84.9183051189,89.395485814,121.782379493,128.504523387,127.25927516,72057594037927968
247,2016/11/15-15:10:40.7669,174.57323199,173.576262185,175.989085695,142.520981184,111.009810674,170.238366932,-0.0165475,-0.6389004,0.150106,-0.0064247,-0.6386589,-0.1122126,136.116113303,98.032751613,161.166393501,108.512770313,83.4126662615,89.3170495316,120.655267929,120.960971037,126.675128839,72057594037927968
248,2016/11/15-15:10:40.8305,174.538363513,174.02066606,176.061341696,148.606057386,126.114898227,168.182820461,-0.0131894,-0.6308607,0.154524,-0.0070076,-0.6354763,-0.101468,136.866413721,100.66392469,160.163494921,107.962426434,82.1035773311,88.9538128927,117.344506198,102.97911189,126.921546018,72057594037927968
249,2016/11/15-15:10:40.8909,174.507253854,174.216858889,176.088685498,154.719693484,133.359194443,166.442508553,-0.0065464,-0.6238043,0.157532,-0.0011532,-0.6293545,-0.095897,136.362442383,100.22694957,160.534649672,102.953532812,79.8876511322,87.5748150703,114.314231702,91.7185398929,127.573785233,72057594037927968
250,2016/11/15-15:10:40.9375,175.573449714,179.667789445,178.134091748,158.776638097,136.697549339,164.638603843,-0.0005795,-0.6223347,0.161544,-0.0009039,-0.6258192,-0.091185,135.780249947,99.6294247105,160.236701286,99.527911456,78.5260837753,86.8641351502,112.695688933,85.0967044199,128.261478718,72057594037927968
251,2016/11/15-15:10:41.0017,176.26283037,172.181525225,179.651587247,159.010379491,139.338914357,163.273894378,0.0017376,-0.6164247,0.166931,-0.0011849,-0.6186509,-0.087108,136.212648189,101.93301219,160.594921452,95.5315588272,77.7643432643,86.2003144004,111.096457162,80.3931622456,128.521090646,72057594037927968
252,2016/11/15-15:10:41.0635,177.892925839,176.014565394,179.986274979,165.390772535,144.310829014,164.128536035,0.0104594,-0.6074552,0.17013,-0.0454553,-0.6800071,-0.066538,137.181247053,105.106860338,160.713577929,92.5338608436,77.4673049065,85.7387896504,108.501143919,74.1560465143,127.852278867,72057594037927968
253,2016/11/15-15:10:41.1258,178.626921425,168.870410727,178.466950233,169.58223846,136.380734881,159.818409822,0.0146719,-0.6076861,0.174103,-0.0542177,-0.7008692,-0.05345,137.582941104,107.793909822,161.123474625,90.6485993327,77.3289660597,85.4526837257,108.343566318,72.5134899232,128.046703896,72057594037927968
